Underlying Cause of Death, 2023, age 0-19, Injury Mechanism: by Intent, Age, Sex
Notes,Injury Mechanism & All Other Leading Causes,Injury Mechanism & All Other Leading Causes Code,Injury Intent,Injury Intent Code,Single-Year Ages,Single-Year Ages Code,Sex,Sex Code,Deaths,Population,Crude Rate
,Non-Injury: Certain conditions originating in the perinatal period,GR113-108,"Non-Injury, no intent classified",9,< 1 year,0,Male,M,5531,1864508,296.6
,Non-Injury: Certain conditions originating in the perinatal period,GR113-108,"Non-Injury, no intent classified",9,< 1 year,0,Female,F,4361,1784146,244.4
,"Non-Injury: Congenital malformations, deformations and chromosomal abnormalities",GR113-109,"Non-Injury, no intent classified",9,< 1 year,0,Male,M,2083,1864508,111.7
,"Non-Injury: Congenital malformations, deformations and chromosomal abnormalities",GR113-109,"Non-Injury, no intent classified",9,< 1 year,0,Female,F,1922,1784146,107.7
,"Non-Injury: Symptoms, signs and abnormal clinical and laboratory findings, not elsewhere classified",GR113-110,"Non-Injury, no intent classified",9,< 1 year,0,Male,M,1464,1864508,78.5
,"Non-Injury: Symptoms, signs and abnormal clinical and laboratory findings, not elsewhere classified",GR113-110,"Non-Injury, no intent classified",9,< 1 year,0,Female,F,1128,1784146,63.2
,Suffocation,GRINJ-017,Unintentional,1,< 1 year,0,Male,M,597,1864508,32.0
,Suffocation,GRINJ-017,Unintentional,1,< 1 year,0,Female,F,499,1784146,28.0
,Motor Vehicle Traffic,GRINJ-008,Unintentional,1,18 years,18,Male,M,594,2228634,26.7
,Firearm,GRINJ-006,Homicide,3,19 years,19,Male,M,595,2241042,26.6
,Motor Vehicle Traffic,GRINJ-008,Unintentional,1,19 years,19,Male,M,588,2241042,26.2
,Firearm,GRINJ-006,Homicide,3,18 years,18,Male,M,566,2228634,25.4
,Firearm,GRINJ-006,Homicide,3,17 years,17,Male,M,430,2248723,19.1
,Non-Injury: All other diseases (Residual),GR113-111,"Non-Injury, no intent classified",9,< 1 year,0,Male,M,339,1864508,18.2
,Motor Vehicle Traffic,GRINJ-008,Unintentional,1,17 years,17,Male,M,407,2248723,18.1
,Poisoning,GRINJ-015,Unintentional,1,19 years,19,Male,M,367,2241042,16.4
,Firearm,GRINJ-006,Homicide,3,16 years,16,Male,M,362,2287751,15.8
,Non-Injury: All other diseases (Residual),GR113-111,"Non-Injury, no intent classified",9,< 1 year,0,Female,F,255,1784146,14.3
,Motor Vehicle Traffic,GRINJ-008,Unintentional,1,16 years,16,Male,M,271,2287751,11.8
,Firearm,GRINJ-006,Suicide,2,19 years,19,Male,M,257,2241042,11.5
,Firearm,GRINJ-006,Homicide,3,15 years,15,Male,M,239,2290485,10.4
,Motor Vehicle Traffic,GRINJ-008,Unintentional,1,18 years,18,Female,F,221,2128851,10.4
,Motor Vehicle Traffic,GRINJ-008,Unintentional,1,19 years,19,Female,F,221,2143573,10.3
,Poisoning,GRINJ-015,Unintentional,1,18 years,18,Male,M,227,2228634,10.2
,Firearm,GRINJ-006,Suicide,2,18 years,18,Male,M,204,2228634,9.2
,Motor Vehicle Traffic,GRINJ-008,Unintentional,1,17 years,17,Female,F,190,2146325,8.9
,Firearm,GRINJ-006,Suicide,2,17 years,17,Male,M,197,2248723,8.8
,Motor Vehicle Traffic,GRINJ-008,Unintentional,1,15 years,15,Male,M,180,2290485,7.9
,Non-Injury: Other and unspecified infectious and parasitic diseases and their sequelae,GR113-018,"Non-Injury, no intent classified",9,< 1 year,0,Male,M,145,1864508,7.8
,Non-Injury: Diseases of Heart,GR113 055-068,"Non-Injury, no intent classified",9,< 1 year,0,Male,M,143,1864508,7.7
,Poisoning,GRINJ-015,Unintentional,1,19 years,19,Female,F,152,2143573,7.1
,Firearm,GRINJ-006,Suicide,2,16 years,16,Male,M,162,2287751,7.1
,Poisoning,GRINJ-015,Unintentional,1,17 years,17,Male,M,155,2248723,6.9
,Non-Injury: Diseases of Heart,GR113 055-068,"Non-Injury, no intent classified",9,< 1 year,0,Female,F,113,1784146,6.3
,Non-Injury: Other and unspecified infectious and parasitic diseases and their sequelae,GR113-018,"Non-Injury, no intent classified",9,< 1 year,0,Female,F,112,1784146,6.3
,Poisoning,GRINJ-015,Unintentional,1,18 years,18,Female,F,133,2128851,6.2
,"Non-Injury: Congenital malformations, deformations and chromosomal abnormalities",GR113-109,"Non-Injury, no intent classified",9,1 year,1,Male,M,117,1887461,6.2
,"Non-Injury: Congenital malformations, deformations and chromosomal abnormalities",GR113-109,"Non-Injury, no intent classified",9,1 year,1,Female,F,103,1806761,5.7
,Suffocation,GRINJ-017,Suicide,2,19 years,19,Male,M,126,2241042,5.6
,Drowning,GRINJ-002,Unintentional,1,2 years,2,Male,M,103,1847159,5.6
,Firearm,GRINJ-006,Suicide,2,15 years,15,Male,M,126,2290485,5.5
,Non-Injury: All other diseases (Residual),GR113-111,"Non-Injury, no intent classified",9,19 years,19,Male,M,120,2241042,5.4
,Firearm,GRINJ-006,Homicide,3,14 years,14,Male,M,118,2205676,5.3
,Non-Injury: All other diseases (Residual),GR113-111,"Non-Injury, no intent classified",9,1 year,1,Male,M,99,1887461,5.2
,Motor Vehicle Traffic,GRINJ-008,Unintentional,1,16 years,16,Female,F,114,2178189,5.2
,Non-Injury: Other diseases of respiratory system,GR113-089,"Non-Injury, no intent classified",9,< 1 year,0,Male,M,97,1864508,5.2
,Drowning,GRINJ-002,Unintentional,1,1 year,1,Male,M,95,1887461,5.0
,Poisoning,GRINJ-015,Unintentional,1,16 years,16,Male,M,113,2287751,4.9
,Non-Injury: All other diseases (Residual),GR113-111,"Non-Injury, no intent classified",9,18 years,18,Male,M,109,2228634,4.9
,"Non-Injury: Symptoms, signs and abnormal clinical and laboratory findings, not elsewhere classified",GR113-110,"Non-Injury, no intent classified",9,1 year,1,Male,M,89,1887461,4.7
,Motor Vehicle Traffic,GRINJ-008,Unintentional,1,14 years,14,Male,M,102,2205676,4.6
,Non-Injury: Influenza & Pneumonia,GR113 077-078,"Non-Injury, no intent classified",9,< 1 year,0,Male,M,84,1864508,4.5
,Firearm,GRINJ-006,Homicide,3,19 years,19,Female,F,88,2143573,4.1
,Non-Injury: Septicemia,GR113-010,"Non-Injury, no intent classified",9,< 1 year,0,Male,M,75,1864508,4.0
,Non-Injury: All other diseases (Residual),GR113-111,"Non-Injury, no intent classified",9,17 years,17,Male,M,90,2248723,4.0
,Non-Injury: Intestinal infections,GR113 001-003,"Non-Injury, no intent classified",9,< 1 year,0,Female,F,71,1784146,4.0
,Firearm,GRINJ-006,Suicide,2,14 years,14,Male,M,87,2205676,3.9
,Non-Injury: Malignant neoplasms (Cancers),GR113 020-043,"Non-Injury, no intent classified",9,17 years,17,Male,M,88,2248723,3.9
,Suffocation,GRINJ-017,Suicide,2,16 years,16,Male,M,89,2287751,3.9
,Non-Injury: Septicemia,GR113-010,"Non-Injury, no intent classified",9,< 1 year,0,Female,F,69,1784146,3.9
,Poisoning,GRINJ-015,Unintentional,1,17 years,17,Female,F,83,2146325,3.9
,Suffocation,GRINJ-017,Suicide,2,18 years,18,Male,M,86,2228634,3.9
,Unspecified Injury,GRINJ-020,Homicide,3,< 1 year,0,Male,M,69,1864508,3.7
,Suffocation,GRINJ-017,Suicide,2,17 years,17,Male,M,83,2248723,3.7
,Non-Injury: Malignant neoplasms (Cancers),GR113 020-043,"Non-Injury, no intent classified",9,19 years,19,Male,M,82,2241042,3.7
,Non-Injury: Intestinal infections,GR113 001-003,"Non-Injury, no intent classified",9,< 1 year,0,Male,M,67,1864508,3.6
,Firearm,GRINJ-006,Homicide,3,18 years,18,Female,F,76,2128851,3.6
,Motor Vehicle Traffic,GRINJ-008,Unintentional,1,13 years,13,Male,M,76,2161119,3.5
,Non-Injury: Influenza & Pneumonia,GR113 077-078,"Non-Injury, no intent classified",9,< 1 year,0,Female,F,62,1784146,3.5
,Non-Injury: All other diseases (Residual),GR113-111,"Non-Injury, no intent classified",9,1 year,1,Female,F,62,1806761,3.4
,Non-Injury: Other diseases of respiratory system,GR113-089,"Non-Injury, no intent classified",9,< 1 year,0,Female,F,61,1784146,3.4
,Non-Injury: Malignant neoplasms (Cancers),GR113 020-043,"Non-Injury, no intent classified",9,18 years,18,Male,M,75,2228634,3.4
,"Non-Injury: Symptoms, signs and abnormal clinical and laboratory findings, not elsewhere classified",GR113-110,"Non-Injury, no intent classified",9,1 year,1,Female,F,60,1806761,3.3
,Non-Injury: All other diseases (Residual),GR113-111,"Non-Injury, no intent classified",9,19 years,19,Female,F,70,2143573,3.3
,Motor Vehicle Traffic,GRINJ-008,Unintentional,1,15 years,15,Female,F,71,2181907,3.3
,Non-Injury: All other diseases (Residual),GR113-111,"Non-Injury, no intent classified",9,13 years,13,Male,M,70,2161119,3.2
,Non-Injury: Malignant neoplasms (Cancers),GR113 020-043,"Non-Injury, no intent classified",9,16 years,16,Male,M,74,2287751,3.2
,Non-Injury: Malignant neoplasms (Cancers),GR113 020-043,"Non-Injury, no intent classified",9,15 years,15,Male,M,72,2290485,3.1
,Non-Injury: All other diseases (Residual),GR113-111,"Non-Injury, no intent classified",9,17 years,17,Female,F,67,2146325,3.1
,Non-Injury: All other diseases (Residual),GR113-111,"Non-Injury, no intent classified",9,15 years,15,Male,M,71,2290485,3.1
,Drowning,GRINJ-002,Unintentional,1,3 years,3,Male,M,58,1915584,3.0
,Poisoning,GRINJ-015,Unintentional,1,16 years,16,Female,F,64,2178189,2.9
,Motor Vehicle Traffic,GRINJ-008,Unintentional,1,2 years,2,Male,M,54,1847159,2.9
,Non-Injury: Other and unspecified infectious and parasitic diseases and their sequelae,GR113-018,"Non-Injury, no intent classified",9,1 year,1,Male,M,55,1887461,2.9
,Non-Injury: Malignant neoplasms (Cancers),GR113 020-043,"Non-Injury, no intent classified",9,15 years,15,Female,F,63,2181907,2.9
,Non-Injury: All other diseases (Residual),GR113-111,"Non-Injury, no intent classified",9,15 years,15,Female,F,62,2181907,2.8
,Non-Injury: All other diseases (Residual),GR113-111,"Non-Injury, no intent classified",9,16 years,16,Male,M,65,2287751,2.8
,Non-Injury: Malignant neoplasms (Cancers),GR113 020-043,"Non-Injury, no intent classified",9,16 years,16,Female,F,61,2178189,2.8
,Non-Injury: All other diseases (Residual),GR113-111,"Non-Injury, no intent classified",9,3 years,3,Male,M,53,1915584,2.8
,Non-Injury: All other diseases (Residual),GR113-111,"Non-Injury, no intent classified",9,9 years,9,Male,M,58,2098259,2.8
,"Non-Injury: Congenital malformations, deformations and chromosomal abnormalities",GR113-109,"Non-Injury, no intent classified",9,2 years,2,Male,M,51,1847159,2.8
,Drowning,GRINJ-002,Unintentional,1,1 year,1,Female,F,49,1806761,2.7
,Non-Injury: Other and unspecified infectious and parasitic diseases and their sequelae,GR113-018,"Non-Injury, no intent classified",9,1 year,1,Female,F,49,1806761,2.7
,"Non-Injury: Symptoms, signs and abnormal clinical and laboratory findings, not elsewhere classified",GR113-110,"Non-Injury, no intent classified",9,2 years,2,Male,M,50,1847159,2.7
,Non-Injury: All other diseases (Residual),GR113-111,"Non-Injury, no intent classified",9,18 years,18,Female,F,57,2128851,2.7
,Suffocation,GRINJ-017,Suicide,2,14 years,14,Female,F,56,2102597,2.7
,Non-Injury: All other diseases (Residual),GR113-111,"Non-Injury, no intent classified",9,2 years,2,Female,F,47,1764724,2.7
,Non-Injury: All other diseases (Residual),GR113-111,"Non-Injury, no intent classified",9,14 years,14,Male,M,58,2205676,2.6
,Non-Injury: Malignant neoplasms (Cancers),GR113 020-043,"Non-Injury, no intent classified",9,5 years,5,Female,F,50,1904677,2.6
,Drowning,GRINJ-002,Unintentional,1,4 years,4,Male,M,51,1944687,2.6
,Poisoning,GRINJ-015,Unintentional,1,15 years,15,Male,M,60,2290485,2.6
,Motor Vehicle Traffic,GRINJ-008,Unintentional,1,1 year,1,Male,M,49,1887461,2.6
,Non-Injury: All other diseases (Residual),GR113-111,"Non-Injury, no intent classified",9,16 years,16,Female,F,56,2178189,2.6
,Non-Injury: All other diseases (Residual),GR113-111,"Non-Injury, no intent classified",9,2 years,2,Male,M,47,1847159,2.5
,Suffocation,GRINJ-017,Suicide,2,15 years,15,Female,F,55,2181907,2.5
,Non-Injury: Malignant neoplasms (Cancers),GR113 020-043,"Non-Injury, no intent classified",9,19 years,19,Female,F,54,2143573,2.5
,Firearm,GRINJ-006,Homicide,3,17 years,17,Female,F,54,2146325,2.5
,Non-Injury: Malignant neoplasms (Cancers),GR113 020-043,"Non-Injury, no intent classified",9,13 years,13,Male,M,54,2161119,2.5
,Non-Injury: Malignant neoplasms (Cancers),GR113 020-043,"Non-Injury, no intent classified",9,2 years,2,Male,M,46,1847159,2.5
,Drowning,GRINJ-002,Unintentional,1,19 years,19,Male,M,55,2241042,2.5
,Motor Vehicle Traffic,GRINJ-008,Unintentional,1,12 years,12,Male,M,52,2120895,2.5
,Non-Injury: All other diseases (Residual),GR113-111,"Non-Injury, no intent classified",9,11 years,11,Male,M,51,2093367,2.4
,Non-Injury: Malignant neoplasms (Cancers),GR113 020-043,"Non-Injury, no intent classified",9,13 years,13,Female,F,50,2057895,2.4
,Drowning,GRINJ-002,Unintentional,1,18 years,18,Male,M,54,2228634,2.4
,Motor Vehicle Traffic,GRINJ-008,Unintentional,1,< 1 year,0,Male,M,45,1864508,2.4
,Non-Injury: Malignant neoplasms (Cancers),GR113 020-043,"Non-Injury, no intent classified",9,12 years,12,Male,M,51,2120895,2.4
,"Non-Injury: Congenital malformations, deformations and chromosomal abnormalities",GR113-109,"Non-Injury, no intent classified",9,3 years,3,Male,M,46,1915584,2.4
,Non-Injury: Malignant neoplasms (Cancers),GR113 020-043,"Non-Injury, no intent classified",9,12 years,12,Female,F,48,2013129,2.4
,Motor Vehicle Traffic,GRINJ-008,Unintentional,1,1 year,1,Female,F,43,1806761,2.4
,Non-Injury: All other diseases (Residual),GR113-111,"Non-Injury, no intent classified",9,5 years,5,Male,M,47,1991400,2.4
,Unspecified Injury,GRINJ-020,Homicide,3,< 1 year,0,Female,F,42,1784146,2.4
,"Non-Injury: Cerebrovascular diseases, including stroke",GR113-070,"Non-Injury, no intent classified",9,< 1 year,0,Female,F,42,1784146,2.4
,Non-Injury: Malignant neoplasms (Cancers),GR113 020-043,"Non-Injury, no intent classified",9,8 years,8,Female,F,47,2010922,2.3
,Non-Injury: Malignant neoplasms (Cancers),GR113 020-043,"Non-Injury, no intent classified",9,14 years,14,Female,F,49,2102597,2.3
,Non-Injury: All other diseases (Residual),GR113-111,"Non-Injury, no intent classified",9,14 years,14,Female,F,49,2102597,2.3
,Drowning,GRINJ-002,Unintentional,1,2 years,2,Female,F,41,1764724,2.3
,Non-Injury: Malignant neoplasms (Cancers),GR113 020-043,"Non-Injury, no intent classified",9,8 years,8,Male,M,48,2099576,2.3
,Suffocation,GRINJ-017,Suicide,2,15 years,15,Male,M,52,2290485,2.3
,Suffocation,GRINJ-017,Suicide,2,18 years,18,Female,F,48,2128851,2.3
,Non-Injury: Malignant neoplasms (Cancers),GR113 020-043,"Non-Injury, no intent classified",9,18 years,18,Female,F,48,2128851,2.3
,Non-Injury: Malignant neoplasms (Cancers),GR113 020-043,"Non-Injury, no intent classified",9,11 years,11,Female,F,45,1996442,2.3
,Suffocation,GRINJ-017,Suicide,2,13 years,13,Female,F,46,2057895,2.2
,Drowning,GRINJ-002,Unintentional,1,3 years,3,Female,F,40,1832223,2.2
,Non-Injury: All other diseases (Residual),GR113-111,"Non-Injury, no intent classified",9,3 years,3,Female,F,40,1832223,2.2
,Non-Injury: Malignant neoplasms (Cancers),GR113 020-043,"Non-Injury, no intent classified",9,14 years,14,Male,M,48,2205676,2.2
,Non-Injury: All other diseases (Residual),GR113-111,"Non-Injury, no intent classified",9,4 years,4,Female,F,40,1863907,2.1
,Non-Injury: Malignant neoplasms (Cancers),GR113 020-043,"Non-Injury, no intent classified",9,17 years,17,Female,F,46,2146325,2.1
,Suffocation,GRINJ-017,Unintentional,1,1 year,1,Male,M,40,1887461,2.1
,Non-Injury: All other diseases (Residual),GR113-111,"Non-Injury, no intent classified",9,10 years,10,Male,M,44,2086861,2.1
,"Non-Injury: Symptoms, signs and abnormal clinical and laboratory findings, not elsewhere classified",GR113-110,"Non-Injury, no intent classified",9,19 years,19,Male,M,47,2241042,2.1
,Non-Injury: Malignant neoplasms (Cancers),GR113 020-043,"Non-Injury, no intent classified",9,3 years,3,Male,M,40,1915584,2.1
,Firearm,GRINJ-006,Suicide,2,13 years,13,Male,M,45,2161119,2.1
,Non-Injury: All other diseases (Residual),GR113-111,"Non-Injury, no intent classified",9,12 years,12,Male,M,44,2120895,2.1
,Suffocation,GRINJ-017,Suicide,2,16 years,16,Female,F,45,2178189,2.1
,Non-Injury: All other diseases (Residual),GR113-111,"Non-Injury, no intent classified",9,7 years,7,Female,F,41,1992913,2.1
,Non-Injury: All other diseases (Residual),GR113-111,"Non-Injury, no intent classified",9,10 years,10,Female,F,41,1996583,2.1
,Non-Injury: Malignant neoplasms (Cancers),GR113 020-043,"Non-Injury, no intent classified",9,4 years,4,Female,F,38,1863907,2.0
,"Non-Injury: Cerebrovascular diseases, including stroke",GR113-070,"Non-Injury, no intent classified",9,< 1 year,0,Male,M,38,1864508,2.0
,Firearm,GRINJ-006,Homicide,3,16 years,16,Female,F,44,2178189,2.0
,Drowning,GRINJ-002,Unintentional,1,5 years,5,Male,M,40,1991400,2.0
,Non-Injury: Malignant neoplasms (Cancers),GR113 020-043,"Non-Injury, no intent classified",9,4 years,4,Male,M,39,1944687,2.0
,Firearm,GRINJ-006,Homicide,3,13 years,13,Male,M,43,2161119,2.0
,Non-Injury: All other diseases (Residual),GR113-111,"Non-Injury, no intent classified",9,7 years,7,Male,M,41,2082645,2.0
,Motor Vehicle Traffic,GRINJ-008,Unintentional,1,3 years,3,Female,F,36,1832223,2.0
,Non-Injury: Diseases of Heart,GR113 055-068,"Non-Injury, no intent classified",9,19 years,19,Male,M,44,2241042,2.0
,Non-Injury: Influenza & Pneumonia,GR113 077-078,"Non-Injury, no intent classified",9,1 year,1,Male,M,37,1887461,2.0
,Non-Injury: Malignant neoplasms (Cancers),GR113 020-043,"Non-Injury, no intent classified",9,11 years,11,Male,M,41,2093367,2.0
,Suffocation,GRINJ-017,Suicide,2,14 years,14,Male,M,43,2205676,1.9
,Non-Injury: All other diseases (Residual),GR113-111,"Non-Injury, no intent classified",9,8 years,8,Female,F,39,2010922,1.9
,Non-Injury: Malignant neoplasms (Cancers),GR113 020-043,"Non-Injury, no intent classified",9,6 years,6,Male,M,39,2032840,1.9
,Non-Injury: Malignant neoplasms (Cancers),GR113 020-043,"Non-Injury, no intent classified",9,10 years,10,Female,F,38,1996583,1.9
,Non-Injury: All other diseases (Residual),GR113-111,"Non-Injury, no intent classified",9,13 years,13,Female,F,39,2057895,1.9
,Non-Injury: Malignant neoplasms (Cancers),GR113 020-043,"Non-Injury, no intent classified",9,10 years,10,Male,M,39,2086861,1.9
,Suffocation,GRINJ-017,Suicide,2,17 years,17,Female,F,40,2146325,1.9
,Motor Vehicle Traffic,GRINJ-008,Unintentional,1,14 years,14,Female,F,39,2102597,1.9
,Non-Injury: Diseases of Heart,GR113 055-068,"Non-Injury, no intent classified",9,1 year,1,Male,M,35,1887461,1.9
,Suffocation,GRINJ-017,Unintentional,1,1 year,1,Female,F,33,1806761,1.8
,"Non-Injury: Congenital malformations, deformations and chromosomal abnormalities",GR113-109,"Non-Injury, no intent classified",9,2 years,2,Female,F,32,1764724,1.8
,Motor Vehicle Traffic,GRINJ-008,Unintentional,1,4 years,4,Male,M,35,1944687,1.8
,Non-Injury: All other diseases (Residual),GR113-111,"Non-Injury, no intent classified",9,4 years,4,Male,M,35,1944687,1.8
,Motor Vehicle Traffic,GRINJ-008,Unintentional,1,< 1 year,0,Female,F,32,1784146,1.8
,Non-Injury: All other diseases (Residual),GR113-111,"Non-Injury, no intent classified",9,5 years,5,Female,F,34,1904677,1.8
,Non-Injury: Diseases of Heart,GR113 055-068,"Non-Injury, no intent classified",9,17 years,17,Male,M,40,2248723,1.8
,Non-Injury: All other diseases (Residual),GR113-111,"Non-Injury, no intent classified",9,6 years,6,Male,M,36,2032840,1.8
,Motor Vehicle Traffic,GRINJ-008,Unintentional,1,9 years,9,Male,M,37,2098259,1.8
,Non-Injury: Malignant neoplasms (Cancers),GR113 020-043,"Non-Injury, no intent classified",9,5 years,5,Male,M,35,1991400,1.8
,Non-Injury: Malignant neoplasms (Cancers),GR113 020-043,"Non-Injury, no intent classified",9,2 years,2,Female,F,31,1764724,1.8
,Non-Injury: All other diseases (Residual),GR113-111,"Non-Injury, no intent classified",9,6 years,6,Female,F,34,1940157,1.8
,Non-Injury: Malignant neoplasms (Cancers),GR113 020-043,"Non-Injury, no intent classified",9,9 years,9,Female,F,35,1999368,1.8
,Non-Injury: Diseases of Heart,GR113 055-068,"Non-Injury, no intent classified",9,18 years,18,Male,M,39,2228634,1.7
,"Non-Injury: Congenital malformations, deformations and chromosomal abnormalities",GR113-109,"Non-Injury, no intent classified",9,3 years,3,Female,F,32,1832223,1.7
,Poisoning,GRINJ-015,Unintentional,1,15 years,15,Female,F,38,2181907,1.7
,Suffocation,GRINJ-017,Suicide,2,19 years,19,Female,F,37,2143573,1.7
,Motor Vehicle Traffic,GRINJ-008,Unintentional,1,3 years,3,Male,M,33,1915584,1.7
,Non-Injury: Diseases of Heart,GR113 055-068,"Non-Injury, no intent classified",9,1 year,1,Female,F,31,1806761,1.7
,Non-Injury: Malignant neoplasms (Cancers),GR113 020-043,"Non-Injury, no intent classified",9,9 years,9,Male,M,36,2098259,1.7
,Non-Injury: All other diseases (Residual),GR113-111,"Non-Injury, no intent classified",9,11 years,11,Female,F,34,1996442,1.7
,Motor Vehicle Traffic,GRINJ-008,Unintentional,1,13 years,13,Female,F,35,2057895,1.7
,Non-Injury: Malignant neoplasms (Cancers),GR113 020-043,"Non-Injury, no intent classified",9,3 years,3,Female,F,31,1832223,1.7
,Non-Injury: Malignant neoplasms (Cancers),GR113 020-043,"Non-Injury, no intent classified",9,7 years,7,Male,M,35,2082645,1.7
,Non-Injury: Diseases of Heart,GR113 055-068,"Non-Injury, no intent classified",9,19 years,19,Female,F,36,2143573,1.7
,Non-Injury: Meningitis,GR113-050,"Non-Injury, no intent classified",9,< 1 year,0,Male,M,31,1864508,1.7
,Drowning,GRINJ-002,Unintentional,1,17 years,17,Male,M,37,2248723,1.6
,Motor Vehicle Traffic,GRINJ-008,Unintentional,1,11 years,11,Male,M,34,2093367,1.6
,Motor Vehicle Traffic,GRINJ-008,Unintentional,1,5 years,5,Male,M,32,1991400,1.6
,Non-Injury: All other diseases (Residual),GR113-111,"Non-Injury, no intent classified",9,9 years,9,Female,F,32,1999368,1.6
,Non-Injury: Malignant neoplasms (Cancers),GR113 020-043,"Non-Injury, no intent classified",9,6 years,6,Female,F,31,1940157,1.6
,"Non-Injury: Symptoms, signs and abnormal clinical and laboratory findings, not elsewhere classified",GR113-110,"Non-Injury, no intent classified",9,18 years,18,Male,M,35,2228634,1.6
,Non-Injury: Meningitis,GR113-050,"Non-Injury, no intent classified",9,< 1 year,0,Female,F,28,1784146,1.6
,Non-Injury: Malignant neoplasms (Cancers),GR113 020-043,"Non-Injury, no intent classified",9,7 years,7,Female,F,31,1992913,1.6
,Non-Injury: Malignant neoplasms (Cancers),GR113 020-043,"Non-Injury, no intent classified",9,< 1 year,0,Male,M,29,1864508,1.6
,Poisoning,GRINJ-015,Unintentional,1,14 years,14,Male,M,34,2205676,1.5
,Motor Vehicle Traffic,GRINJ-008,Unintentional,1,7 years,7,Male,M,32,2082645,1.5
,Motor Vehicle Traffic,GRINJ-008,Unintentional,1,2 years,2,Female,F,27,1764724,1.5
,Suffocation,GRINJ-017,Unintentional,1,2 years,2,Male,M,28,1847159,1.5
,"Other specified, classifiable Injury",GRINJ-018,Homicide,3,< 1 year,0,Female,F,27,1784146,1.5
,Firearm,GRINJ-006,Homicide,3,15 years,15,Female,F,33,2181907,1.5
,Motor Vehicle Traffic,GRINJ-008,Unintentional,1,7 years,7,Female,F,30,1992913,1.5
,Motor Vehicle Traffic,GRINJ-008,Unintentional,1,11 years,11,Female,F,30,1996442,1.5
,Motor Vehicle Traffic,GRINJ-008,Unintentional,1,12 years,12,Female,F,30,2013129,1.5
,Motor Vehicle Traffic,GRINJ-008,Unintentional,1,10 years,10,Male,M,31,2086861,1.5
,Non-Injury: Other and unspecified infectious and parasitic diseases and their sequelae,GR113-018,"Non-Injury, no intent classified",9,2 years,2,Male,M,27,1847159,1.5
,"Other specified, classifiable Injury",GRINJ-018,Homicide,3,< 1 year,0,Male,M,27,1864508,1.4
,Poisoning,GRINJ-015,Suicide,2,19 years,19,Female,F,31,2143573,1.4
,"Non-Injury: Congenital malformations, deformations and chromosomal abnormalities",GR113-109,"Non-Injury, no intent classified",9,6 years,6,Female,F,28,1940157,1.4
,Drowning,GRINJ-002,Unintentional,1,16 years,16,Male,M,33,2287751,1.4
,Non-Injury: All other diseases (Residual),GR113-111,"Non-Injury, no intent classified",9,8 years,8,Male,M,30,2099576,1.4
,Poisoning,GRINJ-015,Suicide,2,19 years,19,Male,M,32,2241042,1.4
,"Non-Injury: Congenital malformations, deformations and chromosomal abnormalities",GR113-109,"Non-Injury, no intent classified",9,5 years,5,Male,M,28,1991400,1.4
,Motor Vehicle Traffic,GRINJ-008,Unintentional,1,6 years,6,Female,F,27,1940157,1.4
,Poisoning,GRINJ-015,Suicide,2,18 years,18,Male,M,31,2228634,1.4
,"Non-Injury: Congenital malformations, deformations and chromosomal abnormalities",GR113-109,"Non-Injury, no intent classified",9,4 years,4,Male,M,27,1944687,1.4
,Motor Vehicle Traffic,GRINJ-008,Unintentional,1,8 years,8,Male,M,29,2099576,1.4
,"Non-Injury: Congenital malformations, deformations and chromosomal abnormalities",GR113-109,"Non-Injury, no intent classified",9,18 years,18,Male,M,30,2228634,1.3
,"Non-Injury: Congenital malformations, deformations and chromosomal abnormalities",GR113-109,"Non-Injury, no intent classified",9,7 years,7,Male,M,28,2082645,1.3
,Drowning,GRINJ-002,Unintentional,1,< 1 year,0,Male,M,25,1864508,1.3
,Firearm,GRINJ-006,Suicide,2,16 years,16,Female,F,29,2178189,1.3
,Poisoning,GRINJ-015,Undetermined ,4,1 year,1,Female,F,24,1806761,1.3
,Drowning,GRINJ-002,Unintentional,1,6 years,6,Male,M,27,2032840,1.3
,Non-Injury: Diseases of Heart,GR113 055-068,"Non-Injury, no intent classified",9,18 years,18,Female,F,28,2128851,1.3
,"Non-Injury: Symptoms, signs and abnormal clinical and laboratory findings, not elsewhere classified",GR113-110,"Non-Injury, no intent classified",9,2 years,2,Female,F,23,1764724,1.3
,Motor Vehicle Traffic,GRINJ-008,Unintentional,1,10 years,10,Female,F,26,1996583,1.3
,Fall,GRINJ-003,Suicide,2,19 years,19,Male,M,29,2241042,1.3
,Suffocation,GRINJ-017,Suicide,2,12 years,12,Female,F,26,2013129,1.3
,Non-Injury: All other diseases (Residual),GR113-111,"Non-Injury, no intent classified",9,12 years,12,Female,F,26,2013129,1.3
,Drowning,GRINJ-002,Unintentional,1,< 1 year,0,Female,F,23,1784146,1.3
,Motor Vehicle Traffic,GRINJ-008,Unintentional,1,4 years,4,Female,F,24,1863907,1.3
,Non-Injury: Malignant neoplasms (Cancers),GR113 020-043,"Non-Injury, no intent classified",9,1 year,1,Female,F,23,1806761,1.3
,Non-Injury: Other diseases of respiratory system,GR113-089,"Non-Injury, no intent classified",9,1 year,1,Male,M,24,1887461,1.3
,Firearm,GRINJ-006,Homicide,3,14 years,14,Female,F,26,2102597,1.2
,"Non-Injury: Congenital malformations, deformations and chromosomal abnormalities",GR113-109,"Non-Injury, no intent classified",9,12 years,12,Male,M,26,2120895,1.2
,"Non-Injury: Congenital malformations, deformations and chromosomal abnormalities",GR113-109,"Non-Injury, no intent classified",9,16 years,16,Male,M,28,2287751,1.2
,"Non-Injury: Symptoms, signs and abnormal clinical and laboratory findings, not elsewhere classified",GR113-110,"Non-Injury, no intent classified",9,19 years,19,Female,F,26,2143573,1.2
,Suffocation,GRINJ-017,Suicide,2,13 years,13,Male,M,26,2161119,1.2
,Non-Injury: Other and unspecified infectious and parasitic diseases and their sequelae,GR113-018,"Non-Injury, no intent classified",9,2 years,2,Female,F,21,1764724,1.2
,Motor Vehicle Traffic,GRINJ-008,Unintentional,1,6 years,6,Male,M,24,2032840,1.2
,"Non-Injury: Congenital malformations, deformations and chromosomal abnormalities",GR113-109,"Non-Injury, no intent classified",9,14 years,14,Male,M,26,2205676,1.2
,Firearm,GRINJ-006,Homicide,3,12 years,12,Male,M,25,2120895,1.2
,Firearm,GRINJ-006,Suicide,2,18 years,18,Female,F,25,2128851,1.2
,Poisoning,GRINJ-015,Homicide,3,1 year,1,Male,M,22,1887461,1.2
,"Non-Injury: Congenital malformations, deformations and chromosomal abnormalities",GR113-109,"Non-Injury, no intent classified",9,19 years,19,Male,M,26,2241042,1.2
,Motor Vehicle Traffic,GRINJ-008,Unintentional,1,8 years,8,Female,F,23,2010922,1.1
,"Non-Injury: Congenital malformations, deformations and chromosomal abnormalities",GR113-109,"Non-Injury, no intent classified",9,8 years,8,Male,M,24,2099576,1.1
,"Non-Injury: Congenital malformations, deformations and chromosomal abnormalities",GR113-109,"Non-Injury, no intent classified",9,18 years,18,Female,F,24,2128851,1.1
,"Non-Injury: Symptoms, signs and abnormal clinical and laboratory findings, not elsewhere classified",GR113-110,"Non-Injury, no intent classified",9,18 years,18,Female,F,24,2128851,1.1
,Firearm,GRINJ-006,Suicide,2,17 years,17,Female,F,24,2146325,1.1
,Non-Injury: Malignant neoplasms (Cancers),GR113 020-043,"Non-Injury, no intent classified",9,1 year,1,Male,M,21,1887461,1.1
,Non-Injury: Certain conditions originating in the perinatal period,GR113-108,"Non-Injury, no intent classified",9,1 year,1,Male,M,21,1887461,1.1
,Motor Vehicle Traffic,GRINJ-008,Unintentional,1,5 years,5,Female,F,21,1904677,1.1
,Motor Vehicle Traffic,GRINJ-008,Unintentional,1,9 years,9,Female,F,22,1999368,1.1
,Non-Injury: Other and unspecified infectious and parasitic diseases and their sequelae,GR113-018,"Non-Injury, no intent classified",9,3 years,3,Male,M,21,1915584,1.1
,Drowning,GRINJ-002,Unintentional,1,4 years,4,Female,F,20,1863907,1.1
,Suffocation,GRINJ-017,Undetermined ,4,< 1 year,0,Male,M,20,1864508,1.1
,"Non-Injury: Nephritis, nephrotic syndrome and nephrosis",GR113 097,"Non-Injury, no intent classified",9,< 1 year,0,Male,M,20,1864508,1.1
,"Non-Injury: Congenital malformations, deformations and chromosomal abnormalities",GR113-109,"Non-Injury, no intent classified",9,17 years,17,Male,M,24,2248723,1.1
,"Non-Injury: Congenital malformations, deformations and chromosomal abnormalities",GR113-109,"Non-Injury, no intent classified",9,10 years,10,Female,F,21,1996583,1.1
,Drowning,GRINJ-002,Unintentional,1,15 years,15,Male,M,24,2290485,1.0
,"Non-Injury: Congenital malformations, deformations and chromosomal abnormalities",GR113-109,"Non-Injury, no intent classified",9,16 years,16,Female,F,22,2178189,1.0
,"Non-Injury: Congenital malformations, deformations and chromosomal abnormalities",GR113-109,"Non-Injury, no intent classified",9,10 years,10,Male,M,21,2086861,1.0
,Non-Injury: Diseases of Heart,GR113 055-068,"Non-Injury, no intent classified",9,15 years,15,Male,M,23,2290485,1.0
,"Non-Injury: Congenital malformations, deformations and chromosomal abnormalities",GR113-109,"Non-Injury, no intent classified",9,14 years,14,Female,F,21,2102597,1.0
,Firearm,GRINJ-006,Suicide,2,19 years,19,Female,F,21,2143573,1.0
,Non-Injury: Diseases of Heart,GR113 055-068,"Non-Injury, no intent classified",9,16 years,16,Female,F,21,2178189,1.0
,Firearm,GRINJ-006,Suicide,2,15 years,15,Female,F,21,2181907,1.0
,"Non-Injury: Congenital malformations, deformations and chromosomal abnormalities",GR113-109,"Non-Injury, no intent classified",9,9 years,9,Male,M,20,2098259,1.0
,Poisoning,GRINJ-015,Suicide,2,14 years,14,Female,F,20,2102597,1.0
,Poisoning,GRINJ-015,Suicide,2,18 years,18,Female,F,20,2128851,0.9
,Poisoning,GRINJ-015,Suicide,2,17 years,17,Female,F,20,2146325,0.9
,Non-Injury: Diseases of Heart,GR113 055-068,"Non-Injury, no intent classified",9,17 years,17,Female,F,20,2146325,0.9
,Drowning,GRINJ-002,Unintentional,1,13 years,13,Male,M,20,2161119,0.9
,Non-Injury: Diseases of Heart,GR113 055-068,"Non-Injury, no intent classified",9,16 years,16,Male,M,21,2287751,0.9
,"Non-Injury: Congenital malformations, deformations and chromosomal abnormalities",GR113-109,"Non-Injury, no intent classified",9,15 years,15,Male,M,21,2290485,0.9
,Poisoning,GRINJ-015,Suicide,2,15 years,15,Female,F,20,2181907,0.9
,"Non-Injury: Symptoms, signs and abnormal clinical and laboratory findings, not elsewhere classified",GR113-110,"Non-Injury, no intent classified",9,17 years,17,Male,M,20,2248723,0.9
,Cut/Pierce,GRINJ-001,Homicide,3,16 years,16,Male,M,14,2287751,Unreliable
,Cut/Pierce,GRINJ-001,Homicide,3,17 years,17,Male,M,12,2248723,Unreliable
,Cut/Pierce,GRINJ-001,Homicide,3,18 years,18,Male,M,19,2228634,Unreliable
,Cut/Pierce,GRINJ-001,Homicide,3,19 years,19,Male,M,16,2241042,Unreliable
,Drowning,GRINJ-002,Unintentional,1,5 years,5,Female,F,17,1904677,Unreliable
,Drowning,GRINJ-002,Unintentional,1,7 years,7,Male,M,10,2082645,Unreliable
,Drowning,GRINJ-002,Unintentional,1,8 years,8,Male,M,16,2099576,Unreliable
,Drowning,GRINJ-002,Unintentional,1,12 years,12,Male,M,13,2120895,Unreliable
,Drowning,GRINJ-002,Unintentional,1,14 years,14,Male,M,16,2205676,Unreliable
,Fall,GRINJ-003,Unintentional,1,17 years,17,Male,M,11,2248723,Unreliable
,Fall,GRINJ-003,Unintentional,1,19 years,19,Male,M,14,2241042,Unreliable
,Fall,GRINJ-003,Suicide,2,16 years,16,Male,M,10,2287751,Unreliable
,Fall,GRINJ-003,Suicide,2,17 years,17,Male,M,12,2248723,Unreliable
,Fall,GRINJ-003,Suicide,2,18 years,18,Male,M,18,2228634,Unreliable
,Fire/Flame,GRINJ-004,Unintentional,1,1 year,1,Female,F,12,1806761,Unreliable
,Fire/Flame,GRINJ-004,Unintentional,1,2 years,2,Male,M,13,1847159,Unreliable
,Fire/Flame,GRINJ-004,Unintentional,1,3 years,3,Female,F,13,1832223,Unreliable
,Fire/Flame,GRINJ-004,Unintentional,1,3 years,3,Male,M,10,1915584,Unreliable
,Fire/Flame,GRINJ-004,Unintentional,1,4 years,4,Male,M,15,1944687,Unreliable
,Fire/Flame,GRINJ-004,Unintentional,1,5 years,5,Female,F,11,1904677,Unreliable
,Fire/Flame,GRINJ-004,Unintentional,1,7 years,7,Male,M,11,2082645,Unreliable
,Fire/Flame,GRINJ-004,Unintentional,1,13 years,13,Male,M,11,2161119,Unreliable
,Fire/Flame,GRINJ-004,Unintentional,1,14 years,14,Female,F,11,2102597,Unreliable
,Firearm,GRINJ-006,Unintentional,1,3 years,3,Male,M,16,1915584,Unreliable
,Firearm,GRINJ-006,Unintentional,1,15 years,15,Male,M,16,2290485,Unreliable
,Firearm,GRINJ-006,Suicide,2,12 years,12,Male,M,11,2120895,Unreliable
,Firearm,GRINJ-006,Suicide,2,14 years,14,Female,F,19,2102597,Unreliable
,Firearm,GRINJ-006,Homicide,3,3 years,3,Male,M,10,1915584,Unreliable
,Firearm,GRINJ-006,Homicide,3,4 years,4,Male,M,10,1944687,Unreliable
,Firearm,GRINJ-006,Homicide,3,6 years,6,Male,M,12,2032840,Unreliable
,Firearm,GRINJ-006,Homicide,3,7 years,7,Male,M,13,2082645,Unreliable
,Firearm,GRINJ-006,Homicide,3,8 years,8,Male,M,12,2099576,Unreliable
,Firearm,GRINJ-006,Homicide,3,9 years,9,Female,F,12,1999368,Unreliable
,Firearm,GRINJ-006,Homicide,3,9 years,9,Male,M,11,2098259,Unreliable
,Firearm,GRINJ-006,Homicide,3,10 years,10,Male,M,19,2086861,Unreliable
,Firearm,GRINJ-006,Homicide,3,11 years,11,Female,F,11,1996442,Unreliable
,Firearm,GRINJ-006,Homicide,3,11 years,11,Male,M,12,2093367,Unreliable
,Firearm,GRINJ-006,Homicide,3,12 years,12,Female,F,11,2013129,Unreliable
,Firearm,GRINJ-006,Homicide,3,13 years,13,Female,F,18,2057895,Unreliable
,Firearm,GRINJ-006,Undetermined ,4,16 years,16,Male,M,13,2287751,Unreliable
,Firearm,GRINJ-006,Undetermined ,4,17 years,17,Male,M,10,2248723,Unreliable
,Firearm,GRINJ-006,Undetermined ,4,18 years,18,Male,M,14,2228634,Unreliable
,Firearm,GRINJ-006,Legal Intervention / Operations of War,5,17 years,17,Male,M,10,2248723,Unreliable
,Other land transport,GRINJ-011,Unintentional,1,11 years,11,Male,M,15,2093367,Unreliable
,Other land transport,GRINJ-011,Unintentional,1,12 years,12,Male,M,10,2120895,Unreliable
,Other land transport,GRINJ-011,Unintentional,1,13 years,13,Male,M,15,2161119,Unreliable
,Other land transport,GRINJ-011,Unintentional,1,14 years,14,Male,M,16,2205676,Unreliable
,Other land transport,GRINJ-011,Unintentional,1,16 years,16,Male,M,12,2287751,Unreliable
,Other land transport,GRINJ-011,Unintentional,1,17 years,17,Male,M,13,2248723,Unreliable
,Other land transport,GRINJ-011,Unintentional,1,18 years,18,Male,M,11,2228634,Unreliable
,Other land transport,GRINJ-011,Unintentional,1,19 years,19,Male,M,15,2241042,Unreliable
,Natural/Environmental,GRINJ-013,Unintentional,1,1 year,1,Female,F,13,1806761,Unreliable
,Poisoning,GRINJ-015,Unintentional,1,< 1 year,0,Female,F,14,1784146,Unreliable
,Poisoning,GRINJ-015,Unintentional,1,< 1 year,0,Male,M,13,1864508,Unreliable
,Poisoning,GRINJ-015,Unintentional,1,1 year,1,Female,F,19,1806761,Unreliable
,Poisoning,GRINJ-015,Unintentional,1,1 year,1,Male,M,17,1887461,Unreliable
,Poisoning,GRINJ-015,Unintentional,1,2 years,2,Female,F,11,1764724,Unreliable
,Poisoning,GRINJ-015,Unintentional,1,2 years,2,Male,M,12,1847159,Unreliable
,Poisoning,GRINJ-015,Unintentional,1,13 years,13,Male,M,10,2161119,Unreliable
,Poisoning,GRINJ-015,Suicide,2,16 years,16,Female,F,17,2178189,Unreliable
,Poisoning,GRINJ-015,Suicide,2,16 years,16,Male,M,17,2287751,Unreliable
,Poisoning,GRINJ-015,Suicide,2,17 years,17,Male,M,19,2248723,Unreliable
,Poisoning,GRINJ-015,Homicide,3,< 1 year,0,Male,M,15,1864508,Unreliable
,Poisoning,GRINJ-015,Homicide,3,1 year,1,Female,F,10,1806761,Unreliable
,Poisoning,GRINJ-015,Undetermined ,4,< 1 year,0,Female,F,15,1784146,Unreliable
,Poisoning,GRINJ-015,Undetermined ,4,< 1 year,0,Male,M,12,1864508,Unreliable
,Poisoning,GRINJ-015,Undetermined ,4,1 year,1,Male,M,16,1887461,Unreliable
,Poisoning,GRINJ-015,Undetermined ,4,2 years,2,Male,M,14,1847159,Unreliable
,Poisoning,GRINJ-015,Undetermined ,4,17 years,17,Male,M,10,2248723,Unreliable
,Poisoning,GRINJ-015,Undetermined ,4,18 years,18,Male,M,13,2228634,Unreliable
,Poisoning,GRINJ-015,Undetermined ,4,19 years,19,Female,F,13,2143573,Unreliable
,Poisoning,GRINJ-015,Undetermined ,4,19 years,19,Male,M,10,2241042,Unreliable
,Suffocation,GRINJ-017,Unintentional,1,3 years,3,Male,M,10,1915584,Unreliable
,Suffocation,GRINJ-017,Suicide,2,11 years,11,Female,F,13,1996442,Unreliable
,Suffocation,GRINJ-017,Suicide,2,11 years,11,Male,M,10,2093367,Unreliable
,Suffocation,GRINJ-017,Suicide,2,12 years,12,Male,M,13,2120895,Unreliable
,Suffocation,GRINJ-017,Homicide,3,< 1 year,0,Male,M,12,1864508,Unreliable
,Suffocation,GRINJ-017,Undetermined ,4,< 1 year,0,Female,F,11,1784146,Unreliable
,"Other specified, classifiable Injury",GRINJ-018,Suicide,2,18 years,18,Male,M,10,2228634,Unreliable
,"Other specified, classifiable Injury",GRINJ-018,Homicide,3,1 year,1,Male,M,12,1887461,Unreliable
,Unspecified Injury,GRINJ-020,Homicide,3,1 year,1,Female,F,12,1806761,Unreliable
,Unspecified Injury,GRINJ-020,Homicide,3,1 year,1,Male,M,15,1887461,Unreliable
,Unspecified Injury,GRINJ-020,Homicide,3,2 years,2,Female,F,12,1764724,Unreliable
,Unspecified Injury,GRINJ-020,Homicide,3,2 years,2,Male,M,13,1847159,Unreliable
,Unspecified Injury,GRINJ-020,Homicide,3,3 years,3,Male,M,10,1915584,Unreliable
,Unspecified Injury,GRINJ-020,Undetermined ,4,< 1 year,0,Female,F,12,1784146,Unreliable
,Non-Injury: Septicemia,GR113-010,"Non-Injury, no intent classified",9,1 year,1,Female,F,15,1806761,Unreliable
,Non-Injury: Septicemia,GR113-010,"Non-Injury, no intent classified",9,4 years,4,Male,M,10,1944687,Unreliable
,Non-Injury: Septicemia,GR113-010,"Non-Injury, no intent classified",9,5 years,5,Male,M,10,1991400,Unreliable
,Non-Injury: Other and unspecified infectious and parasitic diseases and their sequelae,GR113-018,"Non-Injury, no intent classified",9,3 years,3,Female,F,10,1832223,Unreliable
,Non-Injury: Other and unspecified infectious and parasitic diseases and their sequelae,GR113-018,"Non-Injury, no intent classified",9,4 years,4,Female,F,17,1863907,Unreliable
,Non-Injury: Other and unspecified infectious and parasitic diseases and their sequelae,GR113-018,"Non-Injury, no intent classified",9,4 years,4,Male,M,14,1944687,Unreliable
,Non-Injury: Other and unspecified infectious and parasitic diseases and their sequelae,GR113-018,"Non-Injury, no intent classified",9,5 years,5,Male,M,15,1991400,Unreliable
,Non-Injury: Other and unspecified infectious and parasitic diseases and their sequelae,GR113-018,"Non-Injury, no intent classified",9,6 years,6,Female,F,16,1940157,Unreliable
,Non-Injury: Other and unspecified infectious and parasitic diseases and their sequelae,GR113-018,"Non-Injury, no intent classified",9,6 years,6,Male,M,14,2032840,Unreliable
,Non-Injury: Other and unspecified infectious and parasitic diseases and their sequelae,GR113-018,"Non-Injury, no intent classified",9,7 years,7,Male,M,13,2082645,Unreliable
,Non-Injury: Other and unspecified infectious and parasitic diseases and their sequelae,GR113-018,"Non-Injury, no intent classified",9,10 years,10,Male,M,12,2086861,Unreliable
,Non-Injury: Other and unspecified infectious and parasitic diseases and their sequelae,GR113-018,"Non-Injury, no intent classified",9,14 years,14,Male,M,10,2205676,Unreliable
,Non-Injury: Other and unspecified infectious and parasitic diseases and their sequelae,GR113-018,"Non-Injury, no intent classified",9,15 years,15,Female,F,10,2181907,Unreliable
,Non-Injury: Other and unspecified infectious and parasitic diseases and their sequelae,GR113-018,"Non-Injury, no intent classified",9,15 years,15,Male,M,10,2290485,Unreliable
,Non-Injury: Other and unspecified infectious and parasitic diseases and their sequelae,GR113-018,"Non-Injury, no intent classified",9,16 years,16,Male,M,10,2287751,Unreliable
,Non-Injury: Other and unspecified infectious and parasitic diseases and their sequelae,GR113-018,"Non-Injury, no intent classified",9,18 years,18,Male,M,14,2228634,Unreliable
,Non-Injury: Malignant neoplasms (Cancers),GR113 020-043,"Non-Injury, no intent classified",9,< 1 year,0,Female,F,18,1784146,Unreliable
,"Non-Injury: In situ neoplasms, benign neoplasms and neoplasms of uncertain or unknown behavior",GR113-044,"Non-Injury, no intent classified",9,< 1 year,0,Female,F,15,1784146,Unreliable
,"Non-Injury: In situ neoplasms, benign neoplasms and neoplasms of uncertain or unknown behavior",GR113-044,"Non-Injury, no intent classified",9,< 1 year,0,Male,M,14,1864508,Unreliable
,Non-Injury: Diabetes mellitus,GR113-046,"Non-Injury, no intent classified",9,14 years,14,Female,F,10,2102597,Unreliable
,Non-Injury: Diabetes mellitus,GR113-046,"Non-Injury, no intent classified",9,18 years,18,Female,F,15,2128851,Unreliable
,Non-Injury: Diabetes mellitus,GR113-046,"Non-Injury, no intent classified",9,18 years,18,Male,M,11,2228634,Unreliable
,Non-Injury: Diabetes mellitus,GR113-046,"Non-Injury, no intent classified",9,19 years,19,Male,M,17,2241042,Unreliable
,Non-Injury: Diseases of Heart,GR113 055-068,"Non-Injury, no intent classified",9,2 years,2,Female,F,14,1764724,Unreliable
,Non-Injury: Diseases of Heart,GR113 055-068,"Non-Injury, no intent classified",9,2 years,2,Male,M,18,1847159,Unreliable
,Non-Injury: Diseases of Heart,GR113 055-068,"Non-Injury, no intent classified",9,3 years,3,Male,M,13,1915584,Unreliable
,Non-Injury: Diseases of Heart,GR113 055-068,"Non-Injury, no intent classified",9,5 years,5,Female,F,14,1904677,Unreliable
,Non-Injury: Diseases of Heart,GR113 055-068,"Non-Injury, no intent classified",9,7 years,7,Male,M,10,2082645,Unreliable
,Non-Injury: Diseases of Heart,GR113 055-068,"Non-Injury, no intent classified",9,10 years,10,Male,M,10,2086861,Unreliable
,Non-Injury: Diseases of Heart,GR113 055-068,"Non-Injury, no intent classified",9,12 years,12,Female,F,13,2013129,Unreliable
,Non-Injury: Diseases of Heart,GR113 055-068,"Non-Injury, no intent classified",9,12 years,12,Male,M,11,2120895,Unreliable
,Non-Injury: Diseases of Heart,GR113 055-068,"Non-Injury, no intent classified",9,13 years,13,Male,M,15,2161119,Unreliable
,Non-Injury: Diseases of Heart,GR113 055-068,"Non-Injury, no intent classified",9,14 years,14,Female,F,13,2102597,Unreliable
,Non-Injury: Diseases of Heart,GR113 055-068,"Non-Injury, no intent classified",9,14 years,14,Male,M,12,2205676,Unreliable
,Non-Injury: Diseases of Heart,GR113 055-068,"Non-Injury, no intent classified",9,15 years,15,Female,F,13,2181907,Unreliable
,"Non-Injury: Cerebrovascular diseases, including stroke",GR113-070,"Non-Injury, no intent classified",9,1 year,1,Female,F,10,1806761,Unreliable
,"Non-Injury: Cerebrovascular diseases, including stroke",GR113-070,"Non-Injury, no intent classified",9,11 years,11,Male,M,11,2093367,Unreliable
,"Non-Injury: Cerebrovascular diseases, including stroke",GR113-070,"Non-Injury, no intent classified",9,14 years,14,Female,F,11,2102597,Unreliable
,"Non-Injury: Cerebrovascular diseases, including stroke",GR113-070,"Non-Injury, no intent classified",9,16 years,16,Male,M,11,2287751,Unreliable
,"Non-Injury: Cerebrovascular diseases, including stroke",GR113-070,"Non-Injury, no intent classified",9,19 years,19,Female,F,10,2143573,Unreliable
,Non-Injury: Influenza & Pneumonia,GR113 077-078,"Non-Injury, no intent classified",9,1 year,1,Female,F,19,1806761,Unreliable
,Non-Injury: Influenza & Pneumonia,GR113 077-078,"Non-Injury, no intent classified",9,2 years,2,Female,F,17,1764724,Unreliable
,Non-Injury: Influenza & Pneumonia,GR113 077-078,"Non-Injury, no intent classified",9,2 years,2,Male,M,18,1847159,Unreliable
,Non-Injury: Influenza & Pneumonia,GR113 077-078,"Non-Injury, no intent classified",9,3 years,3,Female,F,15,1832223,Unreliable
,Non-Injury: Influenza & Pneumonia,GR113 077-078,"Non-Injury, no intent classified",9,3 years,3,Male,M,14,1915584,Unreliable
,Non-Injury: Influenza & Pneumonia,GR113 077-078,"Non-Injury, no intent classified",9,4 years,4,Male,M,13,1944687,Unreliable
,Non-Injury: Influenza & Pneumonia,GR113 077-078,"Non-Injury, no intent classified",9,9 years,9,Female,F,12,1999368,Unreliable
,Non-Injury: Influenza & Pneumonia,GR113 077-078,"Non-Injury, no intent classified",9,14 years,14,Female,F,10,2102597,Unreliable
,Non-Injury: Influenza & Pneumonia,GR113 077-078,"Non-Injury, no intent classified",9,17 years,17,Female,F,10,2146325,Unreliable
,Non-Injury: Other acute lower respiratory infections,GR113 079,"Non-Injury, no intent classified",9,< 1 year,0,Female,F,11,1784146,Unreliable
,Non-Injury: Other acute lower respiratory infections,GR113 079,"Non-Injury, no intent classified",9,< 1 year,0,Male,M,11,1864508,Unreliable
,Non-Injury: Chronic lower respiratory diseases,GR113 082,"Non-Injury, no intent classified",9,9 years,9,Male,M,11,2098259,Unreliable
,Non-Injury: Chronic lower respiratory diseases,GR113 082,"Non-Injury, no intent classified",9,12 years,12,Male,M,10,2120895,Unreliable
,Non-Injury: Chronic lower respiratory diseases,GR113 082,"Non-Injury, no intent classified",9,16 years,16,Male,M,14,2287751,Unreliable
,Non-Injury: Chronic lower respiratory diseases,GR113 082,"Non-Injury, no intent classified",9,17 years,17,Male,M,10,2248723,Unreliable
,Non-Injury: Chronic lower respiratory diseases,GR113 082,"Non-Injury, no intent classified",9,18 years,18,Male,M,14,2228634,Unreliable
,Non-Injury: Chronic lower respiratory diseases,GR113 082,"Non-Injury, no intent classified",9,19 years,19,Male,M,14,2241042,Unreliable
,Non-Injury: Other diseases of respiratory system,GR113-089,"Non-Injury, no intent classified",9,1 year,1,Female,F,17,1806761,Unreliable
,Non-Injury: Other diseases of respiratory system,GR113-089,"Non-Injury, no intent classified",9,2 years,2,Female,F,18,1764724,Unreliable
,"Non-Injury: Nephritis, nephrotic syndrome and nephrosis",GR113 097,"Non-Injury, no intent classified",9,< 1 year,0,Female,F,11,1784146,Unreliable
,"Non-Injury: Other complications of pregnancy, childbirth and the puerperium",GR113-107,"Non-Injury, no intent classified",9,19 years,19,Female,F,12,2143573,Unreliable
,Non-Injury: Certain conditions originating in the perinatal period,GR113-108,"Non-Injury, no intent classified",9,1 year,1,Female,F,15,1806761,Unreliable
,"Non-Injury: Congenital malformations, deformations and chromosomal abnormalities",GR113-109,"Non-Injury, no intent classified",9,4 years,4,Female,F,18,1863907,Unreliable
,"Non-Injury: Congenital malformations, deformations and chromosomal abnormalities",GR113-109,"Non-Injury, no intent classified",9,5 years,5,Female,F,16,1904677,Unreliable
,"Non-Injury: Congenital malformations, deformations and chromosomal abnormalities",GR113-109,"Non-Injury, no intent classified",9,6 years,6,Male,M,15,2032840,Unreliable
,"Non-Injury: Congenital malformations, deformations and chromosomal abnormalities",GR113-109,"Non-Injury, no intent classified",9,7 years,7,Female,F,17,1992913,Unreliable
,"Non-Injury: Congenital malformations, deformations and chromosomal abnormalities",GR113-109,"Non-Injury, no intent classified",9,8 years,8,Female,F,18,2010922,Unreliable
,"Non-Injury: Congenital malformations, deformations and chromosomal abnormalities",GR113-109,"Non-Injury, no intent classified",9,9 years,9,Female,F,16,1999368,Unreliable
,"Non-Injury: Congenital malformations, deformations and chromosomal abnormalities",GR113-109,"Non-Injury, no intent classified",9,11 years,11,Female,F,17,1996442,Unreliable
,"Non-Injury: Congenital malformations, deformations and chromosomal abnormalities",GR113-109,"Non-Injury, no intent classified",9,11 years,11,Male,M,14,2093367,Unreliable
,"Non-Injury: Congenital malformations, deformations and chromosomal abnormalities",GR113-109,"Non-Injury, no intent classified",9,12 years,12,Female,F,10,2013129,Unreliable
,"Non-Injury: Congenital malformations, deformations and chromosomal abnormalities",GR113-109,"Non-Injury, no intent classified",9,13 years,13,Female,F,19,2057895,Unreliable
,"Non-Injury: Congenital malformations, deformations and chromosomal abnormalities",GR113-109,"Non-Injury, no intent classified",9,13 years,13,Male,M,17,2161119,Unreliable
,"Non-Injury: Congenital malformations, deformations and chromosomal abnormalities",GR113-109,"Non-Injury, no intent classified",9,15 years,15,Female,F,15,2181907,Unreliable
,"Non-Injury: Congenital malformations, deformations and chromosomal abnormalities",GR113-109,"Non-Injury, no intent classified",9,17 years,17,Female,F,16,2146325,Unreliable
,"Non-Injury: Congenital malformations, deformations and chromosomal abnormalities",GR113-109,"Non-Injury, no intent classified",9,19 years,19,Female,F,17,2143573,Unreliable
,"Non-Injury: Symptoms, signs and abnormal clinical and laboratory findings, not elsewhere classified",GR113-110,"Non-Injury, no intent classified",9,3 years,3,Female,F,14,1832223,Unreliable
,"Non-Injury: Symptoms, signs and abnormal clinical and laboratory findings, not elsewhere classified",GR113-110,"Non-Injury, no intent classified",9,3 years,3,Male,M,17,1915584,Unreliable
,"Non-Injury: Symptoms, signs and abnormal clinical and laboratory findings, not elsewhere classified",GR113-110,"Non-Injury, no intent classified",9,4 years,4,Female,F,14,1863907,Unreliable
,"Non-Injury: Symptoms, signs and abnormal clinical and laboratory findings, not elsewhere classified",GR113-110,"Non-Injury, no intent classified",9,4 years,4,Male,M,11,1944687,Unreliable
,"Non-Injury: Symptoms, signs and abnormal clinical and laboratory findings, not elsewhere classified",GR113-110,"Non-Injury, no intent classified",9,6 years,6,Male,M,11,2032840,Unreliable
,"Non-Injury: Symptoms, signs and abnormal clinical and laboratory findings, not elsewhere classified",GR113-110,"Non-Injury, no intent classified",9,13 years,13,Male,M,12,2161119,Unreliable
,"Non-Injury: Symptoms, signs and abnormal clinical and laboratory findings, not elsewhere classified",GR113-110,"Non-Injury, no intent classified",9,16 years,16,Female,F,19,2178189,Unreliable
,"Non-Injury: Symptoms, signs and abnormal clinical and laboratory findings, not elsewhere classified",GR113-110,"Non-Injury, no intent classified",9,16 years,16,Male,M,13,2287751,Unreliable
,"Non-Injury: Symptoms, signs and abnormal clinical and laboratory findings, not elsewhere classified",GR113-110,"Non-Injury, no intent classified",9,17 years,17,Female,F,12,2146325,Unreliable
---,,,,,,,,,,,
"Dataset: Underlying Cause of Death, 2018-2023, Single Race",,,,,,,,,,,
Query Parameters:,,,,,,,,,,,
Single-Year Ages: < 1 year; 1 year; 2 years; 3 years; 4 years; 5 years; 6 years; 7 years; 8 years; 9 years; 10 years; 11 years;,,,,,,,,,,,
12 years; 13 years; 14 years; 15 years; 16 years; 17 years; 18 years; 19 years,,,,,,,,,,,
Year/Month: 2023,,,,,,,,,,,
Group By: Injury Mechanism & All Other Leading Causes; Injury Intent; Single-Year Ages; Sex,,,,,,,,,,,
Show Totals: Disabled,,,,,,,,,,,
Show Zero Values: False,,,,,,,,,,,
Show Suppressed: False,,,,,,,,,,,
"Calculate Rates Per: 100,000",,,,,,,,,,,
Rate Options: Default intercensal populations for years 2001-2009 (except Infant Age Groups),,,,,,,,,,,
---,,,,,,,,,,,
Help: See http://wonder.cdc.gov/wonder/help/ucd-expanded.html for more information.,,,,,,,,,,,
---,,,,,,,,,,,
"Query Date: Apr 27, 2025 1:42:19 AM",,,,,,,,,,,
---,,,,,,,,,,,
"Suggested Citation: Centers for Disease Control and Prevention, National Center for Health Statistics. National Vital Statistics",,,,,,,,,,,
"System, Mortality 2018-2023 on CDC WONDER Online Database, released in 2024. Data are from the Multiple Cause of Death Files,",,,,,,,,,,,
"2018-2023, as compiled from data provided by the 57 vital statistics jurisdictions through the Vital Statistics Cooperative",,,,,,,,,,,
"Program. Accessed at http://wonder.cdc.gov/ucd-icd10-expanded.html on Apr 27, 2025 1:42:19 AM",,,,,,,,,,,
---,,,,,,,,,,,
Messages:,,,,,,,,,,,
"1. Selections made to any variable in [Injury Intent, Injury Mechanism & All Other Leading Causes] cause equivalent selections",,,,,,,,,,,
in the other variables. More Information: http://wonder.cdc.gov/wonder/help/faq.html#related-variables.,,,,,,,,,,,
2. Totals are not available for these results due to suppression constraints. More Information:,,,,,,,,,,,
http://wonder.cdc.gov/wonder/help/faq.html#Privacy.,,,,,,,,,,,
3. Rows with zero Deaths are hidden. Use Quick Options above to show zero rows.,,,,,,,,,,,
4. Rows with suppressed Deaths are hidden. Use Quick Options above to show suppressed rows.,,,,,,,,,,,
---,,,,,,,,,,,
Caveats:,,,,,,,,,,,
1. Data are Suppressed when the data meet the criteria for confidentiality constraints. More information:,,,,,,,,,,,
http://wonder.cdc.gov/wonder/help/ucd-expanded.html#Assurance of Confidentiality.,,,,,,,,,,,
2. Death rates are flagged as Unreliable when the rate is calculated with a numerator of 20 or less. More information:,,,,,,,,,,,
http://wonder.cdc.gov/wonder/help/ucd-expanded.html#Unreliable.,,,,,,,,,,,
"3. Deaths of persons with Age ""Not Stated"" are included in ""All"" counts and rates, but are not distributed among age groups,",,,,,,,,,,,
"so are not included in age-specific counts, age-specific rates or in any age-adjusted rates. More information:",,,,,,,,,,,
http://wonder.cdc.gov/wonder/help/ucd-expanded.html#Not Stated.,,,,,,,,,,,
"4. The population figures for years 2023 are single-race estimates of the July 1 resident population, from the Vintage 2023",,,,,,,,,,,
"postcensal series released by the Census Bureau on June 27, 2024. The 2023 series is based on the Modified Blended Base produced",,,,,,,,,,,
"by the US Census Bureau in lieu of the April 1, 2020 decennial population count. The Modified Blended Base consists of the blend",,,,,,,,,,,
"of Vintage 2020 postcensal population estimates for April 1, 2020, 2020 Demographic Analysis Estimates, and 2020 Census data",,,,,,,,,,,
from the internal Census Edited File (CEF). The population figures for years 2022 are single-race estimates of the July 1,,,,,,,,,,,
"resident population, from the Vintage 2022 postcensal series released by the Census Bureau on June 22, 2023. The 2022 series is",,,,,,,,,,,
"based on the Modified Blended Base produced by the US Census Bureau in lieu of the April 1, 2020 decennial population count. The",,,,,,,,,,,
"Modified Blended Base consists of the blend of Vintage 2020 postcensal population estimates for April 1, 2020, 2020 Demographic",,,,,,,,,,,
"Analysis Estimates, and 2020 Census data from the internal Census Edited File (CEF). The population figures for years 2021 are",,,,,,,,,,,
"single-race estimates of the July 1 resident population, based on the Blended Base produced by the US Census Bureau in lieu of",,,,,,,,,,,
"the April 1, 2020 decennial population count, from the Vintage 2021 postcensal series released by the Census Bureau on June 30,",,,,,,,,,,,
"2022. The population figures for year 2020 are single-race estimates of the July 1 resident population, from the Vintage 2020",,,,,,,,,,,
"postcensal series based on April 2010 Census, released by the Census Bureau on July 27, 2021. The population figures for year",,,,,,,,,,,
"2019 are single-race estimates of the July 1 resident population, from the Vintage 2019 postcensal series based on April 2010",,,,,,,,,,,
"Census, released by the Census Bureau on June 25, 2020. The population figures for year 2018 are single-race estimates of the",,,,,,,,,,,
"July 1 resident population, from the Vintage 2018 postcensal series based on April 2010 Census, released by the Census Bureau on",,,,,,,,,,,
"June 20, 2019. More information: http://wonder.cdc.gov/wonder/help/ucd-expanded.html#Population Data.",,,,,,,,,,,
5. The population figures used in the calculation of death rates for the age group 'under 1 year' are the estimates of the,,,,,,,,,,,
resident population that is under one year of age. More information: http://wonder.cdc.gov/wonder/help/ucd-expanded.html#Age,,,,,,,,,,,
Group.,,,,,,,,,,,
"6. Beginning with the 2018 data, changes have been implemented that affect the counts for ICD-10 cause of death codes O00-O99",,,,,,,,,,,
"compared to previous practice. In addition, data for the cause of death codes O00-O99 for 2003 through 2017 reflect differences",,,,,,,,,,,
in information available to individual states and probable errors. Caution should be used in interpreting these data. More,,,,,,,,,,,
information can be found at: https://www.cdc.gov/nchs/maternal-mortality/.,,,,,,,,,,,
"7. Connecticut population estimates for 2022 and later years are reported for 9 planning regions as county equivalent areas,",,,,,,,,,,,
"instead of the former 8 legacy counties in the Vintage 2022 postcensal series released by the Census Bureau on June 22, 2023,",,,,,,,,,,,
"and in the Vintage 2023 postcensal series released by the Census Bureau on June 27, 2024. Populations estimates for the former",,,,,,,,,,,
counties are not available for 2022 and later years. More information:,,,,,,,,,,,
http://wonder.cdc.gov/wonder/help/ucd-expanded.html#Connecticut-2022.,,,,,,,,,,,
"8. After the creation of the final 2023 dataset, North Carolina updated the cause of death information for over 900 death",,,,,,,,,,,
"certificates to include a cause of death code indicating drug overdose (ICD-10 underlying cause-of-death codes: X40-X44,",,,,,,,,,,,
"X60-X64, X85, and Y10-Y14). Jurisdictions can continue to update death certificates after the closing of the mortality file. As",,,,,,,,,,,
"a result, users should consider that the actual death count for drug overdose deaths for North Carolina in 2023 is over 4,400",,,,,,,,,,,
"deaths, with a crude rate of approximately 41.0 per 100,000 population, and an age-adjusted rate of approximately 42.1 per",,,,,,,,,,,
"100,000 population. These deaths will not be updated on the final mortality datasets.",,,,,,,,,,,