Underlying Cause of Death, 2023, age 0-19, Injury Mechanism: by Gender
Notes,Injury Mechanism & All Other Leading Causes,Injury Mechanism & All Other Leading Causes Code,Sex,Sex Code,Deaths,Population,Crude Rate
,Non-Injury: Certain conditions originating in the perinatal period,GR113-108,Male,M,5571,41728672,13.4
,Non-Injury: Certain conditions originating in the perinatal period,GR113-108,Female,F,4406,39845289,11.1
,Firearm,GRINJ-006,Male,M,3838,41728672,9.2
,Motor Vehicle Traffic,GRINJ-008,Male,M,2705,41728672,6.5
,"Non-Injury: Congenital malformations, deformations and chromosomal abnormalities",GR113-109,Male,M,2672,41728672,6.4
,"Non-Injury: Congenital malformations, deformations and chromosomal abnormalities",GR113-109,Female,F,2384,39845289,6.0
,"Non-Injury: Symptoms, signs and abnormal clinical and laboratory findings, not elsewhere classified",GR113-110,Male,M,1820,41728672,4.4
,Non-Injury: All other diseases (Residual),GR113-111,Male,M,1507,41728672,3.6
,"Non-Injury: Symptoms, signs and abnormal clinical and laboratory findings, not elsewhere classified",GR113-110,Female,F,1375,39845289,3.5
,Suffocation,GRINJ-017,Male,M,1356,41728672,3.2
,Poisoning,GRINJ-015,Male,M,1289,41728672,3.1
,Motor Vehicle Traffic,GRINJ-008,Female,F,1262,39845289,3.2
,Non-Injury: All other diseases (Residual),GR113-111,Female,F,1125,39845289,2.8
,Suffocation,GRINJ-017,Female,F,1010,39845289,2.5
,Non-Injury: Malignant neoplasms (Cancers),GR113 020-043,Male,M,992,41728672,2.4
,Non-Injury: Malignant neoplasms (Cancers),GR113 020-043,Female,F,837,39845289,2.1
,Poisoning,GRINJ-015,Female,F,814,39845289,2.0
,Drowning,GRINJ-002,Male,M,736,41728672,1.8
,Firearm,GRINJ-006,Female,F,632,39845289,1.6
,Non-Injury: Diseases of Heart,GR113 055-068,Male,M,478,41728672,1.1
,Non-Injury: Other and unspecified infectious and parasitic diseases and their sequelae,GR113-018,Male,M,409,41728672,1.0
,Non-Injury: Diseases of Heart,GR113 055-068,Female,F,367,39845289,0.9
,Non-Injury: Other and unspecified infectious and parasitic diseases and their sequelae,GR113-018,Female,F,299,39845289,0.8
,Drowning,GRINJ-002,Female,F,283,39845289,0.7
,Non-Injury: Influenza & Pneumonia,GR113 077-078,Male,M,248,41728672,0.6
,Non-Injury: Influenza & Pneumonia,GR113 077-078,Female,F,223,39845289,0.6
,Unspecified Injury,GRINJ-020,Male,M,212,41728672,0.5
,Non-Injury: Other diseases of respiratory system,GR113-089,Male,M,209,41728672,0.5
,Other land transport,GRINJ-011,Male,M,183,41728672,0.4
,Non-Injury: Septicemia,GR113-010,Male,M,183,41728672,0.4
,Non-Injury: Septicemia,GR113-010,Female,F,173,39845289,0.4
,Non-Injury: Other diseases of respiratory system,GR113-089,Female,F,167,39845289,0.4
,Fire/Flame,GRINJ-004,Male,M,166,41728672,0.4
,Fall,GRINJ-003,Male,M,165,41728672,0.4
,"Non-Injury: Cerebrovascular diseases, including stroke",GR113-070,Male,M,155,41728672,0.4
,Non-Injury: Chronic lower respiratory diseases,GR113 082,Male,M,155,41728672,0.4
,Fire/Flame,GRINJ-004,Female,F,151,39845289,0.4
,"Non-Injury: Cerebrovascular diseases, including stroke",GR113-070,Female,F,151,39845289,0.4
,"Other specified, classifiable Injury",GRINJ-018,Male,M,143,41728672,0.3
,Unspecified Injury,GRINJ-020,Female,F,132,39845289,0.3
,Cut/Pierce,GRINJ-001,Male,M,105,41728672,0.3
,"Other specified, classifiable Injury",GRINJ-018,Female,F,91,39845289,0.2
,Non-Injury: Intestinal infections,GR113 001-003,Female,F,90,39845289,0.2
,"Other specified, not elsewhere classified Injury",GRINJ-019,Male,M,89,41728672,0.2
,Non-Injury: Intestinal infections,GR113 001-003,Male,M,88,41728672,0.2
,"Non-Injury: In situ neoplasms, benign neoplasms and neoplasms of uncertain or unknown behavior",GR113-044,Male,M,80,41728672,0.2
,Non-Injury: Chronic lower respiratory diseases,GR113 082,Female,F,79,39845289,0.2
,Other land transport,GRINJ-011,Female,F,77,39845289,0.2
,Other Pedestrian,GRINJ-010,Male,M,73,41728672,0.2
,Non-Injury: Diabetes mellitus,GR113-046,Male,M,68,41728672,0.2
,"Non-Injury: In situ neoplasms, benign neoplasms and neoplasms of uncertain or unknown behavior",GR113-044,Female,F,62,39845289,0.2
,Non-Injury: Meningitis,GR113-050,Male,M,59,41728672,0.1
,Non-Injury: Diabetes mellitus,GR113-046,Female,F,58,39845289,0.1
,Natural/Environmental,GRINJ-013,Male,M,57,41728672,0.1
,Struck by or against,GRINJ-016,Male,M,54,41728672,0.1
,Fall,GRINJ-003,Female,F,48,39845289,0.1
,Non-Injury: Anemias,GR113-045,Male,M,47,41728672,0.1
,"Other specified, not elsewhere classified Injury",GRINJ-019,Female,F,44,39845289,0.1
,Natural/Environmental,GRINJ-013,Female,F,42,39845289,0.1
,Non-Injury: Meningitis,GR113-050,Female,F,42,39845289,0.1
,Other transport,GRINJ-012,Male,M,40,41728672,0.1
,"Non-Injury: Nephritis, nephrotic syndrome and nephrosis",GR113 097,Male,M,40,41728672,0.1
,"Non-Injury: Other complications of pregnancy, childbirth and the puerperium",GR113-107,Female,F,32,39845289,0.1
,Non-Injury: Complications of medical and surgical care,GR113-135,Male,M,32,41728672,0.1
,Non-Injury: Complications of medical and surgical care,GR113-135,Female,F,30,39845289,0.1
,Cut/Pierce,GRINJ-001,Female,F,29,39845289,0.1
,Non-Injury: Anemias,GR113-045,Female,F,29,39845289,0.1
,Non-Injury: Other acute lower respiratory infections,GR113 079,Male,M,29,41728672,0.1
,Non-Injury: Other diseases of the circulatory system,GR113 073-074,Male,M,28,41728672,0.1
,Machinery,GRINJ-007,Male,M,27,41728672,0.1
,Struck by or against,GRINJ-016,Female,F,26,39845289,0.1
,"Non-Injury: Nephritis, nephrotic syndrome and nephrosis",GR113 097,Female,F,24,39845289,0.1
,Other Pedal cyclist,GRINJ-009,Male,M,24,41728672,0.1
,Other Pedestrian,GRINJ-010,Female,F,22,39845289,0.1
,Non-Injury: Other diseases of the circulatory system,GR113 073-074,Female,F,19,39845289,Unreliable
,Non-Injury: Other acute lower respiratory infections,GR113 079,Female,F,19,39845289,Unreliable
,Non-Injury: Pneumonitis due to solids and liquids,GR113-088,Female,F,19,39845289,Unreliable
,Non-Injury: Pneumonitis due to solids and liquids,GR113-088,Male,M,19,41728672,Unreliable
,Non-Injury: Other disorders of circulatory system,GR113-075,Female,F,16,39845289,Unreliable
,Non-Injury: Nutritional Deficiencies,GR113 048-049,Male,M,15,41728672,Unreliable
,Non-Injury: Other disorders of circulatory system,GR113-075,Male,M,13,41728672,Unreliable
,Other transport,GRINJ-012,Female,F,11,39845289,Unreliable
---,,,,,,,
"Dataset: Underlying Cause of Death, 2018-2023, Single Race",,,,,,,
Query Parameters:,,,,,,,
Single-Year Ages: < 1 year; 1 year; 2 years; 3 years; 4 years; 5 years; 6 years; 7 years; 8 years; 9 years; 10 years; 11 years;,,,,,,,
12 years; 13 years; 14 years; 15 years; 16 years; 17 years; 18 years; 19 years,,,,,,,
Year/Month: 2023,,,,,,,
Group By: Injury Mechanism & All Other Leading Causes; Sex,,,,,,,
Show Totals: Disabled,,,,,,,
Show Zero Values: False,,,,,,,
Show Suppressed: False,,,,,,,
"Calculate Rates Per: 100,000",,,,,,,
Rate Options: Default intercensal populations for years 2001-2009 (except Infant Age Groups),,,,,,,
---,,,,,,,
Help: See http://wonder.cdc.gov/wonder/help/ucd-expanded.html for more information.,,,,,,,
---,,,,,,,
"Query Date: Apr 26, 2025 7:16:29 PM",,,,,,,
---,,,,,,,
"Suggested Citation: Centers for Disease Control and Prevention, National Center for Health Statistics. National Vital Statistics",,,,,,,
"System, Mortality 2018-2023 on CDC WONDER Online Database, released in 2024. Data are from the Multiple Cause of Death Files,",,,,,,,
"2018-2023, as compiled from data provided by the 57 vital statistics jurisdictions through the Vital Statistics Cooperative",,,,,,,
"Program. Accessed at http://wonder.cdc.gov/ucd-icd10-expanded.html on Apr 26, 2025 7:16:29 PM",,,,,,,
---,,,,,,,
Messages:,,,,,,,
1. Totals are not available for these results due to suppression constraints. More Information:,,,,,,,
http://wonder.cdc.gov/wonder/help/faq.html#Privacy.,,,,,,,
2. Rows with zero Deaths are hidden. Use Quick Options above to show zero rows.,,,,,,,
3. Rows with suppressed Deaths are hidden. Use Quick Options above to show suppressed rows.,,,,,,,
---,,,,,,,
Caveats:,,,,,,,
1. Data are Suppressed when the data meet the criteria for confidentiality constraints. More information:,,,,,,,
http://wonder.cdc.gov/wonder/help/ucd-expanded.html#Assurance of Confidentiality.,,,,,,,
2. Death rates are flagged as Unreliable when the rate is calculated with a numerator of 20 or less. More information:,,,,,,,
http://wonder.cdc.gov/wonder/help/ucd-expanded.html#Unreliable.,,,,,,,
"3. Deaths of persons with Age ""Not Stated"" are included in ""All"" counts and rates, but are not distributed among age groups,",,,,,,,
"so are not included in age-specific counts, age-specific rates or in any age-adjusted rates. More information:",,,,,,,
http://wonder.cdc.gov/wonder/help/ucd-expanded.html#Not Stated.,,,,,,,
"4. The population figures for years 2023 are single-race estimates of the July 1 resident population, from the Vintage 2023",,,,,,,
"postcensal series released by the Census Bureau on June 27, 2024. The 2023 series is based on the Modified Blended Base produced",,,,,,,
"by the US Census Bureau in lieu of the April 1, 2020 decennial population count. The Modified Blended Base consists of the blend",,,,,,,
"of Vintage 2020 postcensal population estimates for April 1, 2020, 2020 Demographic Analysis Estimates, and 2020 Census data",,,,,,,
from the internal Census Edited File (CEF). The population figures for years 2022 are single-race estimates of the July 1,,,,,,,
"resident population, from the Vintage 2022 postcensal series released by the Census Bureau on June 22, 2023. The 2022 series is",,,,,,,
"based on the Modified Blended Base produced by the US Census Bureau in lieu of the April 1, 2020 decennial population count. The",,,,,,,
"Modified Blended Base consists of the blend of Vintage 2020 postcensal population estimates for April 1, 2020, 2020 Demographic",,,,,,,
"Analysis Estimates, and 2020 Census data from the internal Census Edited File (CEF). The population figures for years 2021 are",,,,,,,
"single-race estimates of the July 1 resident population, based on the Blended Base produced by the US Census Bureau in lieu of",,,,,,,
"the April 1, 2020 decennial population count, from the Vintage 2021 postcensal series released by the Census Bureau on June 30,",,,,,,,
"2022. The population figures for year 2020 are single-race estimates of the July 1 resident population, from the Vintage 2020",,,,,,,
"postcensal series based on April 2010 Census, released by the Census Bureau on July 27, 2021. The population figures for year",,,,,,,
"2019 are single-race estimates of the July 1 resident population, from the Vintage 2019 postcensal series based on April 2010",,,,,,,
"Census, released by the Census Bureau on June 25, 2020. The population figures for year 2018 are single-race estimates of the",,,,,,,
"July 1 resident population, from the Vintage 2018 postcensal series based on April 2010 Census, released by the Census Bureau on",,,,,,,
"June 20, 2019. More information: http://wonder.cdc.gov/wonder/help/ucd-expanded.html#Population Data.",,,,,,,
5. The population figures used in the calculation of death rates for the age group 'under 1 year' are the estimates of the,,,,,,,
resident population that is under one year of age. More information: http://wonder.cdc.gov/wonder/help/ucd-expanded.html#Age,,,,,,,